{
  "evenodd_base_gen_noisy": {
    "acc_concepts_both": 0.6645,
    "acc_d1": 0.8144,
    "acc_d2": 0.816,
    "acc_sum": 0.6824,
    "n": 10000,
    "noise_sigma": 0.0,
    "rs_freq": 0.0179,
    "rs_rate_given_correct": 0.02623094958968347
  },
  "evenodd_base_ood_noisy": {
    "acc_concepts_both": 0.1529,
    "acc_d1": 0.4814,
    "acc_d2": 0.4968,
    "acc_sum": 0.1665,
    "n": 10000,
    "noise_sigma": 0.0,
    "rs_freq": 0.0136,
    "rs_rate_given_correct": 0.08168168168168168
  },
  "evenodd_baseline_gen": {
    "acc_concepts_both": 0.6645,
    "acc_d1": 0.8144,
    "acc_d2": 0.816,
    "acc_sum": 0.6824,
    "n": 10000,
    "rs_freq": 0.0179,
    "rs_rate_given_correct": 0.02623094958968347
  },
  "evenodd_baseline_ood": {
    "acc_concepts_both": 0.1529,
    "acc_d1": 0.4814,
    "acc_d2": 0.4968,
    "acc_sum": 0.1665,
    "n": 10000,
    "rs_freq": 0.0136,
    "rs_rate_given_correct": 0.08168168168168168
  },
  "evenodd_filt_gen_noisy": {
    "acc_concepts_both": 0.7689,
    "acc_d1": 0.8549,
    "acc_d2": 0.8571,
    "acc_sum": 0.8085,
    "n": 10000,
    "noise_sigma": 0.0,
    "rs_freq": 0.0396,
    "rs_rate_given_correct": 0.04897959183673469
  },
  "evenodd_filt_ood_noisy": {
    "acc_concepts_both": 0.1065,
    "acc_d1": 0.4609,
    "acc_d2": 0.4709,
    "acc_sum": 0.1164,
    "n": 10000,
    "noise_sigma": 0.0,
    "rs_freq": 0.0099,
    "rs_rate_given_correct": 0.08505154639175258
  },
  "largesmall_baseline_gen": {
    "acc_concepts_both": 0.7209,
    "acc_d1": 0.8547,
    "acc_d2": 0.8454,
    "acc_sum": 0.7372,
    "n": 10000,
    "rs_freq": 0.0163,
    "rs_rate_given_correct": 0.022110689093868693
  },
  "largesmall_baseline_ood": {
    "acc_concepts_both": 0.0,
    "acc_d1": 0.4614,
    "acc_d2": 0.4625,
    "acc_sum": 0.0016,
    "n": 10000,
    "rs_freq": 0.0016,
    "rs_rate_given_correct": 1.0
  },
  "noise_sigma_target": 0.1
}